-- MySQL dump 10.13  Distrib 9.4.0, for macos13.7 (x86_64)
--
-- Host: localhost    Database: pz_ksuz
-- ------------------------------------------------------
-- Server version	9.4.0

/*!40101 SET @OLD_CHARACTER_SET_CLIENT=@@CHARACTER_SET_CLIENT */;
/*!40101 SET @OLD_CHARACTER_SET_RESULTS=@@CHARACTER_SET_RESULTS */;
/*!40101 SET @OLD_COLLATION_CONNECTION=@@COLLATION_CONNECTION */;
/*!50503 SET NAMES utf8mb4 */;
/*!40103 SET @OLD_TIME_ZONE=@@TIME_ZONE */;
/*!40103 SET TIME_ZONE='+00:00' */;
/*!40014 SET @OLD_UNIQUE_CHECKS=@@UNIQUE_CHECKS, UNIQUE_CHECKS=0 */;
/*!40014 SET @OLD_FOREIGN_KEY_CHECKS=@@FOREIGN_KEY_CHECKS, FOREIGN_KEY_CHECKS=0 */;
/*!40101 SET @OLD_SQL_MODE=@@SQL_MODE, SQL_MODE='NO_AUTO_VALUE_ON_ZERO' */;
/*!40111 SET @OLD_SQL_NOTES=@@SQL_NOTES, SQL_NOTES=0 */;

--
-- Table structure for table `Categories`
--

DROP TABLE IF EXISTS `Categories`;
/*!40101 SET @saved_cs_client     = @@character_set_client */;
/*!50503 SET character_set_client = utf8mb4 */;
CREATE TABLE `Categories` (
  `id` int NOT NULL AUTO_INCREMENT,
  `name` varchar(255) NOT NULL,
  PRIMARY KEY (`id`)
) ENGINE=InnoDB AUTO_INCREMENT=4 DEFAULT CHARSET=utf8mb4 COLLATE=utf8mb4_0900_ai_ci;
/*!40101 SET character_set_client = @saved_cs_client */;

--
-- Dumping data for table `Categories`
--

LOCK TABLES `Categories` WRITE;
/*!40000 ALTER TABLE `Categories` DISABLE KEYS */;
INSERT INTO `Categories` VALUES (1,'KATEGORI PZ KSUZ'),(2,'KATEGORI PZ KSUZ'),(3,'KATEGORI PZ KSUZ');
/*!40000 ALTER TABLE `Categories` ENABLE KEYS */;
UNLOCK TABLES;

--
-- Table structure for table `group_names`
--

DROP TABLE IF EXISTS `group_names`;
/*!40101 SET @saved_cs_client     = @@character_set_client */;
/*!50503 SET character_set_client = utf8mb4 */;
CREATE TABLE `group_names` (
  `id` int NOT NULL AUTO_INCREMENT,
  `category_id` int DEFAULT NULL,
  `name` varchar(255) DEFAULT NULL,
  PRIMARY KEY (`id`),
  KEY `category_id` (`category_id`),
  CONSTRAINT `group_names_ibfk_1` FOREIGN KEY (`category_id`) REFERENCES `categories` (`id`)
) ENGINE=InnoDB AUTO_INCREMENT=6 DEFAULT CHARSET=utf8mb4 COLLATE=utf8mb4_0900_ai_ci;
/*!40101 SET character_set_client = @saved_cs_client */;

--
-- Dumping data for table `group_names`
--

LOCK TABLES `group_names` WRITE;
/*!40000 ALTER TABLE `group_names` DISABLE KEYS */;
INSERT INTO `group_names` VALUES (1,1,'FULL TIME'),(2,1,'BOLEH DIAJAK2'),(3,1,'BUAT HAL SENDIRI & TAK MENGATA'),(4,1,'TAK NAK & MENGELAK'),(5,1,'ANAK ABUYA & ANAK TC');
/*!40000 ALTER TABLE `group_names` ENABLE KEYS */;
UNLOCK TABLES;

--
-- Table structure for table `GroupNames`
--

DROP TABLE IF EXISTS `GroupNames`;
/*!40101 SET @saved_cs_client     = @@character_set_client */;
/*!50503 SET character_set_client = utf8mb4 */;
CREATE TABLE `GroupNames` (
  `id` int NOT NULL AUTO_INCREMENT,
  `name` varchar(255) NOT NULL,
  `category_id` int DEFAULT NULL,
  PRIMARY KEY (`id`),
  KEY `category_id` (`category_id`),
  CONSTRAINT `groupnames_ibfk_1` FOREIGN KEY (`category_id`) REFERENCES `Categories` (`id`) ON DELETE SET NULL ON UPDATE CASCADE
) ENGINE=InnoDB AUTO_INCREMENT=11 DEFAULT CHARSET=utf8mb4 COLLATE=utf8mb4_0900_ai_ci;
/*!40101 SET character_set_client = @saved_cs_client */;

--
-- Dumping data for table `GroupNames`
--

LOCK TABLES `GroupNames` WRITE;
/*!40000 ALTER TABLE `GroupNames` DISABLE KEYS */;
INSERT INTO `GroupNames` VALUES (1,'FULL TIME',2),(2,'BOLEH DIAJAK2',2),(3,'BUAT HAL SENDIRI & TAK MENGATA',2),(4,'TAK NAK & MENGELAK',2),(5,'ANAK ABUYA & ANAK TC',2),(6,'FULL TIME',3),(7,'BOLEH DIAJAK2',3),(8,'BUAT HAL SENDIRI & TAK MENGATA',3),(9,'TAK NAK & MENGELAK',3),(10,'ANAK ABUYA & ANAK TC',3);
/*!40000 ALTER TABLE `GroupNames` ENABLE KEYS */;
UNLOCK TABLES;

--
-- Table structure for table `Members`
--

DROP TABLE IF EXISTS `Members`;
/*!40101 SET @saved_cs_client     = @@character_set_client */;
/*!50503 SET character_set_client = utf8mb4 */;
CREATE TABLE `Members` (
  `id` int NOT NULL AUTO_INCREMENT,
  `name` varchar(255) NOT NULL,
  `isteri` varchar(255) DEFAULT NULL,
  `anak` varchar(255) DEFAULT NULL,
  `tinggal` varchar(255) DEFAULT NULL,
  `kerja` varchar(255) DEFAULT NULL,
  `perjuangan` text,
  `group_id` int DEFAULT NULL,
  PRIMARY KEY (`id`),
  KEY `group_id` (`group_id`),
  CONSTRAINT `members_ibfk_1` FOREIGN KEY (`group_id`) REFERENCES `GroupNames` (`id`) ON DELETE SET NULL ON UPDATE CASCADE
) ENGINE=InnoDB AUTO_INCREMENT=65 DEFAULT CHARSET=utf8mb4 COLLATE=utf8mb4_0900_ai_ci;
/*!40101 SET character_set_client = @saved_cs_client */;

--
-- Dumping data for table `Members`
--

LOCK TABLES `Members` WRITE;
/*!40000 ALTER TABLE `Members` DISABLE KEYS */;
INSERT INTO `Members` VALUES (1,'TUAN SYURAHBIL',NULL,NULL,NULL,NULL,NULL,1),(2,'TUAN FATEH',NULL,NULL,NULL,NULL,NULL,1),(3,'TUAN ABBAD',NULL,NULL,NULL,NULL,NULL,1),(4,'TUAN SYARIF',NULL,NULL,NULL,NULL,NULL,1),(5,'TUAN HAMDI',NULL,NULL,NULL,NULL,NULL,1),(6,'TUAN WAJI',NULL,NULL,NULL,NULL,NULL,1),(7,'TUAN ABUL FIDA',NULL,NULL,NULL,NULL,NULL,1),(8,'TUAN QUDAMAH',NULL,NULL,NULL,NULL,NULL,2),(9,'TUAN HANZALAH',NULL,NULL,NULL,NULL,NULL,2),(10,'TUAN AYIE',NULL,NULL,NULL,NULL,NULL,2),(11,'TUAN LUQMAN',NULL,NULL,NULL,NULL,NULL,2),(12,'TUAN UQBAH',NULL,NULL,NULL,NULL,NULL,2),(13,'TUAN WAIE',NULL,NULL,NULL,NULL,NULL,2),(14,'TUAN DHIYA',NULL,NULL,NULL,NULL,NULL,2),(15,'TUAN MIQDAD',NULL,NULL,NULL,NULL,NULL,2),(16,'TUAN ZAMAAH',NULL,NULL,NULL,NULL,NULL,2),(17,'TUAN JUN AH',NULL,NULL,NULL,NULL,NULL,2),(18,'TUAN ALUN',NULL,NULL,NULL,NULL,NULL,2),(19,'TUAN TARMIZI',NULL,NULL,NULL,NULL,NULL,2),(20,'TUAN HARIS',NULL,NULL,NULL,NULL,NULL,2),(21,'TUAN ABU ZAR',NULL,NULL,NULL,NULL,NULL,2),(22,'TUAN HAFIZ',NULL,NULL,NULL,NULL,NULL,3),(23,'TUAN SYAHID',NULL,NULL,NULL,NULL,NULL,3),(24,'TUAN FAAH',NULL,NULL,NULL,NULL,NULL,3),(25,'TUAN ATHIF',NULL,NULL,NULL,NULL,NULL,3),(26,'TUAN KHABAB',NULL,NULL,NULL,NULL,NULL,3),(27,'TUAN RIZAL',NULL,NULL,NULL,NULL,NULL,3),(28,'TUAN MAD NAFIQ',NULL,NULL,NULL,NULL,NULL,5),(29,'TUAN JUN A',NULL,NULL,NULL,NULL,NULL,5),(30,'TUAN MAD UBADAH',NULL,NULL,NULL,NULL,NULL,5),(31,'TUAN FIDA A',NULL,NULL,NULL,NULL,NULL,5),(32,'TUAN AJWAD',NULL,NULL,NULL,NULL,NULL,5),(33,'TUAN FATEH',NULL,NULL,NULL,NULL,NULL,6),(34,'TUAN SYURAHBIL',NULL,NULL,NULL,NULL,NULL,6),(35,'TUAN ABBAD',NULL,NULL,NULL,NULL,NULL,6),(36,'TUAN SYARIF',NULL,NULL,NULL,NULL,NULL,6),(37,'TUAN HAMDI',NULL,NULL,NULL,NULL,NULL,6),(38,'TUAN ABUL FIDA',NULL,NULL,NULL,NULL,NULL,6),(39,'TUAN WAJI',NULL,NULL,NULL,NULL,NULL,6),(40,'TUAN HANZALAH',NULL,NULL,NULL,NULL,NULL,7),(41,'TUAN QUDAMAH',NULL,NULL,NULL,NULL,NULL,7),(42,'TUAN AYIE',NULL,NULL,NULL,NULL,NULL,7),(43,'TUAN LUQMAN',NULL,NULL,NULL,NULL,NULL,7),(44,'TUAN UQBAH',NULL,NULL,NULL,NULL,NULL,7),(45,'TUAN WAIE',NULL,NULL,NULL,NULL,NULL,7),(46,'TUAN DHIYA',NULL,NULL,NULL,NULL,NULL,7),(47,'TUAN MIQDAD',NULL,NULL,NULL,NULL,NULL,7),(48,'TUAN ZAMAAH',NULL,NULL,NULL,NULL,NULL,7),(49,'TUAN JUN AH',NULL,NULL,NULL,NULL,NULL,7),(50,'TUAN ALUN',NULL,NULL,NULL,NULL,NULL,7),(51,'TUAN TARMIZI',NULL,NULL,NULL,NULL,NULL,7),(52,'TUAN HARIS',NULL,NULL,NULL,NULL,NULL,7),(53,'TUAN ABU ZAR',NULL,NULL,NULL,NULL,NULL,7),(54,'TUAN HAFIZ',NULL,NULL,NULL,NULL,NULL,8),(55,'TUAN SYAHID',NULL,NULL,NULL,NULL,NULL,8),(56,'TUAN FAAH',NULL,NULL,NULL,NULL,NULL,8),(57,'TUAN ATHIF',NULL,NULL,NULL,NULL,NULL,8),(58,'TUAN KHABAB',NULL,NULL,NULL,NULL,NULL,8),(59,'TUAN RIZAL',NULL,NULL,NULL,NULL,NULL,8),(60,'TUAN MAD NAFIQ',NULL,NULL,NULL,NULL,NULL,10),(61,'TUAN JUN A',NULL,NULL,NULL,NULL,NULL,10),(62,'TUAN MAD UBADAH',NULL,NULL,NULL,NULL,NULL,10),(63,'TUAN FIDA A',NULL,NULL,NULL,NULL,NULL,10),(64,'TUAN AJWAD',NULL,NULL,NULL,NULL,NULL,10);
/*!40000 ALTER TABLE `Members` ENABLE KEYS */;
UNLOCK TABLES;
/*!40103 SET TIME_ZONE=@OLD_TIME_ZONE */;

/*!40101 SET SQL_MODE=@OLD_SQL_MODE */;
/*!40014 SET FOREIGN_KEY_CHECKS=@OLD_FOREIGN_KEY_CHECKS */;
/*!40014 SET UNIQUE_CHECKS=@OLD_UNIQUE_CHECKS */;
/*!40101 SET CHARACTER_SET_CLIENT=@OLD_CHARACTER_SET_CLIENT */;
/*!40101 SET CHARACTER_SET_RESULTS=@OLD_CHARACTER_SET_RESULTS */;
/*!40101 SET COLLATION_CONNECTION=@OLD_COLLATION_CONNECTION */;
/*!40111 SET SQL_NOTES=@OLD_SQL_NOTES */;

-- Dump completed on 2025-11-07 18:57:35
